id,fname,lname,email_address,join_dt,region_code
1,LORI,clark,dawsonmarissagmail.com,2022-09-08,06
2,dawn,GARCIA,markthomas@jensenbiz,,Texas
3,phillip,nelson,chunt@yahoocom,"Jun 27, 2023",tx
4,JONATHAN,DUNCAN,xmyersgmail.com,2023-08-09,Texas
5,tyler,martinez,jenniferbailey@garciacom,2023-09-01,Texas
6,BRANDON,KIM,thomasreynoldsgreene.com,"Nov 18, 2024",TX
7,mark,Oconnell,kelly58@hotmailcom,"Apr 07, 2023",TX
8,angela,page,marymontgomerysanders.com,,tx
9,joshua,branch,gary93hotmail.com,,06
10,JON,bennett,jamie35@williams.com,"Oct 20, 2023",06
11,joseph,BOND,cochranedwardhotmail.com,,tx
12,Thomas,Stafford,heathbobbyyahoo.com,,TX
13,Barbara,mcgrath,qbaker@gmailcom,"May 30, 2020",06
14,jason,WATSON,anne24@miller-ross.com,"Feb 17, 2021",Texas
15,Michelle,johnson,david19@millercom,"Sep 14, 2022",TX
16,Catherine,WHITE,paulagonzalezcurtis.com,2021-10-06,06
17,Amber,BERGER,lejeffrey@gmailcom,,06
18,seth,WRIGHT,michael97hotmail.com,2020-07-18,TX
19,andrea,Dawson,pmalone@finleynet,"Aug 17, 2022",TX
20,MARISSA,Swanson,cookalexander@taylorcom,2023-03-24,Texas
21,RHONDA,BEST,jessica11@preston-millercom,2020-03-04,06
22,Kevin,JONES,onelson@gmail.com,,Texas
23,Joseph,Sanchez,michaelgonzalez@yates.info,,tx
24,alvin,Grant,maychristophergmail.com,2021-08-23,Texas
25,Mikayla,davis,williamcampbell@gomez-jonesbiz,"Aug 02, 2020",06
26,Adam,taylor,simmonsfrank@cartercom,"Jul 29, 2022",06
27,lisa,REEVES,tyroneflowers@gmail.com,2024-11-30,TX
28,brittany,LEE,melinda88brennan.info,"Apr 23, 2024",06
29,MICHELLE,kim,ecrossgmail.com,2022-04-05,TX
30,kristine,PINEDA,matthewmoody@white-lewiscom,2020-12-13,06
31,kimberly,potter,ericwilkinson@mcintyre-garcia.com,,tx
32,Matthew,jones,xcastro@gmail.com,"Dec 01, 2020",Texas
33,michael,Dillon,james22@hotmail.com,"Jan 09, 2024",tx
34,cynthia,PETERSON,karen85@yahoocom,,06
35,JENNIFER,Anderson,carrie07@klein.com,"Dec 06, 2023",TX
36,AMY,Moreno,terry78@hendrix-browncom,2024-11-01,Texas
37,dale,robinson,zschneider@yahoocom,"May 08, 2023",tx
38,richard,Tucker,rileyseangmail.com,,TX
39,Kaitlyn,WILLIAMS,jacksondaniel@winters.com,2021-06-06,tx
40,michael,ELLIS,christopher59gmail.com,2020-08-18,06
41,DEBORAH,riley,velezpeggyhotmail.com,"Dec 28, 2020",tx
42,christina,Ruiz,aguilarvirginia@harrison.com,2020-04-12,06
43,ashley,PETERSON,austin95@fuller.com,2021-04-25,tx
44,lori,wood,xholmes@gmailcom,,TX
45,Jenny,Harris,hallamber@wood-steelecom,2022-03-11,06
46,Cynthia,Merritt,patrickmartin@gmail.com,"Aug 12, 2020",TX
47,Micheal,brown,dayjenniferhotmail.com,2022-06-07,tx
48,Tara,Ward,griffincristian@moreno.com,2024-09-13,Texas
49,CHERYL,BROWN,reginamartin@gmail.com,2025-04-05,Texas
50,monica,Jones,jameslambroberts.info,,Texas
51,stephen,REESE,cgarcia@hotmail.com,2022-10-27,TX
52,daniel,ROBERTS,kellyphillip@gmail.com,2023-09-21,TX
53,Nicholas,morris,kbenitez@mitchell-rodgersnet,2021-01-01,06
54,JASMINE,KIM,andrewmatthews@yahoocom,2022-01-11,Texas
55,William,conrad,goldenmargaret@yahoo.com,"Aug 25, 2021",TX
56,zachary,PATTERSON,dawnrobertschase-lopez.com,2021-06-01,tx
57,tricia,Robertson,jennifer39@yahoocom,"Jun 17, 2021",tx
58,melissa,PATEL,torreschristopher@hotmail.com,2021-04-07,Texas
59,Steven,warren,darrellbyrd@gregorybiz,,TX
60,CYNTHIA,hall,dillon52yahoo.com,,TX
61,Rebecca,nguyen,christopherwillis@vargas.info,,06
62,KIM,Mcclain,kaiserjennifer@yahoocom,,tx
63,patrick,mccarthy,lauriemiller@moody-frye.com,"May 24, 2020",tx
64,JOCELYN,Hart,chenrhonda@crawford-cherrybiz,,tx
65,JERRY,Chavez,albert65yahoo.com,,TX
66,JENNIFER,MILLS,barbara54@brown.com,,06
67,Katelyn,christian,raven36@yahoo.com,2025-02-27,Texas
68,SARAH,WILSON,rachel32hotmail.com,2020-08-04,TX
69,micheal,ABBOTT,myerskevingmail.com,,TX
70,ROBERT,Hicks,krojasyahoo.com,"May 05, 2024",TX
71,christopher,GONZALEZ,jacobfrazieryahoo.com,"Mar 24, 2025",06
72,anna,COOK,ijenkins@yahoo.com,,Texas
73,devon,PATTERSON,fgoodwinyahoo.com,2021-03-31,TX
74,Dan,bailey,hhess@yahoocom,2020-12-31,Texas
75,pamela,MASON,carlatravis@king-andersennet,2023-05-08,Texas
76,joseph,THOMPSON,veronica43gmail.com,,TX
77,Mackenzie,Mills,josephpoolewhite.com,,06
78,JOSEPH,wall,heathercain@yahoo.com,"Feb 25, 2024",Texas
79,james,HOWE,brightjessica@rogerscom,,tx
80,joseph,parks,alexis90@dixon-armstrongcom,2022-10-18,tx
81,JESSE,WOODS,victoriadonaldsonlee-miles.org,,Texas
82,laura,Rivera,ymartin@hotmail.com,,TX
83,MARIA,anderson,rodgersclaytonlutz.com,2020-05-14,tx
84,raven,jones,adam42@villarrealcom,"Dec 16, 2024",TX
85,jessica,andrews,rcaldwellfrederick.com,"Feb 28, 2025",tx
86,TERESA,guerra,james26@wright-copeland.info,"Dec 20, 2023",06
87,SUE,jones,rogersbilly@vaughn-sanders.com,2021-03-23,Texas
88,Robin,howe,joshua67@yahoo.com,,06
89,lisa,smith,nblack@hotmail.com,"Mar 23, 2020",TX
90,JESSICA,Thomas,dsexton@hotmailcom,2024-07-29,tx
91,MATTHEW,johnston,donaldsonamy@yahoocom,2023-09-06,TX
92,Angela,BLANCHARD,elizabeth66@gmailcom,"Nov 02, 2022",Texas
93,Terri,Hatfield,jacksontimothycollins.com,"Sep 16, 2021",tx
94,susan,PENA,maria68yahoo.com,"Sep 20, 2024",tx
95,ronald,mason,rachelclarkhotmail.com,"Jan 12, 2020",TX
96,Brent,ferguson,qblakejones.com,,Texas
97,lauren,RIVERA,cynthia46hotmail.com,,tx
98,Christina,REYES,monica18@yahoocom,"May 19, 2025",tx
99,STEVEN,Cole,jocelynnguyenwilliams.com,"Nov 28, 2020",TX
100,Stephen,FUENTES,brittanygarcia@lucero-davis.com,,TX
101,michael,Reynolds,jacksontiffany@williams.biz,2025-04-22,Texas
102,ALFRED,Sanchez,samuelfreeman@blevins-schaeferbiz,"May 25, 2024",Texas
103,jennifer,williams,amandaalexander@davis-kiddcom,"Oct 22, 2024",TX
104,Rachel,Brown,kcannoncosta.com,2023-05-04,tx
105,Yvonne,Davis,kmurphyyahoo.com,"Mar 17, 2024",Texas
106,ryan,evans,marcusparker@yahoo.com,,TX
107,craig,walter,pamela19@nolancom,"Jul 03, 2021",tx
108,ZACHARY,ellis,williamswilliam@hotmail.com,,Texas
109,heather,Cruz,mary95chen-morales.biz,2023-08-29,Texas
110,aimee,Grant,youngmeghan@green-carey.biz,2024-12-17,06
111,CLIFFORD,little,kingchristian@smith.com,"Mar 19, 2022",tx
112,Ryan,RICHARD,glen43@gmailcom,,tx
113,SHARON,GOMEZ,idaybuchanan.com,2025-01-26,tx
114,Heather,harris,pmaxwellmoyer.com,"Jan 13, 2024",Texas
115,Jessica,Anderson,brian31@yahoo.com,2020-02-14,06
116,Evelyn,berger,marie85gmail.com,2024-01-25,Texas
117,lisa,smith,alan31@scott-carsoncom,,tx
118,Kari,ORTIZ,herreraashleygmail.com,,06
119,laura,meyer,knighthector@hotmailcom,,TX
120,MATTHEW,Ellis,anthonylong@yahoo.com,"May 22, 2022",06
121,taylor,johnson,jeffrey45@hotmailcom,"Jan 23, 2025",tx
122,Robin,greene,caseronaldyahoo.com,2020-08-25,tx
123,AMANDA,Sims,stevethompson@estes-lopezcom,2024-03-14,tx
124,alison,myers,simmonsannelevine.com,,TX
125,kevin,charles,rachelsmithgmail.com,2023-08-12,tx
126,wendy,henry,nathanielwilcoxyahoo.com,2023-03-18,Texas
127,JACKIE,mcclure,amccann@gmailcom,2025-02-28,Texas
128,jose,CHAPMAN,ilewis@gmail.com,,TX
129,KELLY,gross,bakerericbooth.net,2023-05-02,06
130,michael,hunter,johncooper@logan.com,2024-05-03,tx
131,briana,salas,jgrant@huerta.com,2024-10-30,tx
132,Sheri,HARRISON,mason99@phillips.com,2021-02-23,06
133,RANDY,welch,colemanbrandon@richard.com,2024-07-20,Texas
134,Timothy,Payne,brandon07@hernandez-bennettcom,2020-12-07,06
135,ROSE,LEWIS,jennifer34@vaughancom,2020-04-05,tx
136,Kristine,VARGAS,lindabrown@jenkinsorg,"Feb 02, 2022",Texas
137,ALYSSA,DOYLE,robbinsbrent@nelson-blackbiz,"Feb 22, 2023",Texas
138,KAYLA,SMITH,aday@hamiltonorg,"Mar 06, 2023",tx
139,NATHAN,WALKER,hjoseph@rodriguezcom,2024-06-19,06
140,troy,tanner,thomas53gmail.com,,Texas
141,zachary,Jacobs,holly95@hotmailcom,"Nov 24, 2020",06
142,thomas,lewis,clintonsanders@santana-buckley.com,"Nov 24, 2020",Texas
143,DAVID,TRUJILLO,michael83@zimmerman-andersoncom,"Aug 03, 2024",06
144,PAULA,Zuniga,robert06gmail.com,"Aug 19, 2021",Texas
145,Deanna,OLIVER,mariaphillips@mullinsnet,2020-04-23,Texas
146,MARIA,Rhodes,jfuller@thompson.com,"Dec 12, 2022",Texas
147,brian,soto,jefferyhuff@hotmailcom,"Jun 05, 2020",06
148,Matthew,GOMEZ,ewalters@yahoo.com,,Texas
149,Lonnie,Rose,sanfordbradley@gmailcom,2022-08-13,Texas
150,Adrienne,GARCIA,nataliehamiltonkim.com,"Jul 29, 2022",Texas
151,CRYSTAL,MONROE,coreycarrillo@cohencom,2025-02-25,tx
152,KENNETH,Richard,lmitchell@reynoldsorg,2025-06-16,tx
153,Louis,DANIELS,garciabrandon@shannon.com,"Sep 29, 2021",Texas
154,WESLEY,MARTIN,vcamacho@jones-vaughn.com,2023-06-25,tx
155,Ashley,lynch,robert99@lane.com,"Oct 10, 2023",tx
156,Kayla,brown,scarter@hotmailcom,,tx
157,EDWIN,Avery,michael58@yahoo.com,,06
158,Samuel,TAYLOR,abigail91@hotmailcom,"Jan 29, 2023",TX
159,jessica,LUNA,heather08@gmail.com,2022-04-02,06
160,MARK,DAVIS,matthewbrown@coleman.org,2024-12-31,TX
161,tiffany,Brown,peterbarbergmail.com,,Texas
162,Christopher,ross,riosleslie@rios.info,2024-08-26,tx
163,Tiffany,Zimmerman,bradley04@cameron.biz,2021-04-13,TX
164,KIMBERLY,nunez,hpageanderson-gonzalez.com,2024-08-21,Texas
165,sydney,williams,rsnydersullivan-bennett.com,2023-10-01,TX
166,susan,ROBINSON,qnguyendixon.com,,tx
167,JASON,Young,michael50@gmail.com,2024-02-13,TX
168,daniel,BAKER,xmartin@jacobson.info,"Nov 16, 2022",06
169,Michael,hunter,fferrellbailey-jackson.com,2022-05-21,TX
170,Barbara,RAMIREZ,melissa49hotmail.com,"May 22, 2023",TX
171,KAYLA,Whitehead,martha10@garcia.org,,tx
172,NATHAN,Williams,courtneybaker@carpenter-jimenez.org,"Oct 18, 2022",06
173,ASHLEY,THOMPSON,amanda65@gmailcom,,Texas
174,MICHAEL,SANCHEZ,lori72@hotmailcom,2024-10-24,06
175,Glen,Delgado,woodsjessicarobinson-mcgrath.com,,TX
176,trevor,CHRISTENSEN,susanhernandez@gmailcom,"Feb 10, 2022",Texas
177,Kristen,Woodard,grahamanthonyhotmail.com,,TX
178,JOSE,richardson,johnnyedwards@ellis-wardcom,2023-07-22,06
179,Lacey,Barrett,briansteele@yahoo.com,2021-10-25,Texas
180,HUNTER,Roberts,rachel83@hotmailcom,,tx
181,STEVEN,jones,nriosgmail.com,2020-09-07,TX
182,richard,PETERSON,cpalmer@smith.com,,TX
183,gary,watkins,ukeylong-walker.com,2024-06-30,tx
184,George,CAMPBELL,ashleyhernandez@gmail.com,2021-06-17,Texas
185,Dean,Baker,anitamortonyahoo.com,,Texas
186,anthony,graves,troy42@mcfarland.com,"Jun 24, 2020",06
187,andrew,BALLARD,qgibson@yahoo.com,,Texas
188,steven,Baker,josephdurhamhotmail.com,2023-09-03,Texas
189,George,Cooper,janetblanchardhotmail.com,,Texas
190,rachael,orozco,sherri10@garcia-maloneorg,,Texas
191,Megan,Burgess,sandra53@vaughnbiz,,TX
192,Jerry,lee,darrellsteeleorr.com,"Aug 14, 2023",Texas
193,Rachel,Soto,theodore41@gmail.com,2023-05-08,06
194,Bradley,estrada,ccooper@randolphcom,"Jan 07, 2024",TX
195,Michelle,CARTER,lyonsstephen@kirby-smith.biz,2025-02-19,tx
196,LUIS,Bennett,jade95hotmail.com,,TX
197,Christopher,Navarro,bennettreneeowens-thomas.com,"Mar 05, 2025",tx
198,tamara,WADE,jperez@gmail.com,"Oct 31, 2023",06
199,SHAWN,Murray,robertblevinsgmail.com,,TX
200,STEPHEN,Brown,ywilliamsgmail.com,,tx
201,sean,Andrews,robert18@yahoocom,,06
202,ANGELA,garcia,lsimpsongmail.com,2020-08-26,tx
203,GRACE,Rodriguez,galvannicholas@hotmail.com,,Texas
204,CHRISTOPHER,GARCIA,karlrogers@hotmailcom,,Texas
205,michelle,Rodriguez,andrew13@welch-martinez.biz,,tx
206,Jessica,NELSON,cmcclureyahoo.com,2022-01-26,tx
207,JUSTIN,Villa,kevin87@hotmailcom,"Aug 07, 2024",TX
208,VICTOR,harris,sgrant@yahoo.com,,06
209,Walter,BAKER,cartersara@hotmail.com,2021-08-03,tx
210,TRACY,mcclain,derekspencelee.org,"Sep 26, 2024",tx
211,TROY,smith,marissa65@bennett-silvacom,"Jul 21, 2020",06
212,SHERRI,Farrell,raydavid@mueller-milescom,"May 08, 2020",06
213,aaron,Mclaughlin,lpaynegmail.com,"May 07, 2020",Texas
214,megan,BROWN,smiththomas@yahoo.com,,Texas
215,melanie,lopez,steven39gmail.com,,tx
216,William,Greene,hollyburke@gmailcom,2021-02-21,TX
217,ANDREA,Arnold,emilypowershotmail.com,"Jan 09, 2023",tx
218,ANGELA,NIXON,christopher29hotmail.com,"Oct 30, 2023",Texas
219,Tammy,Taylor,latasha13@gordon-parsonscom,2024-03-20,06
220,FRANK,HART,jenniferdouglasmiranda-wilson.biz,2022-08-07,Texas
221,william,james,rlopezgmail.com,,TX
222,jared,ADAMS,nrodriguezhotmail.com,2023-11-12,TX
223,frederick,newton,grahammichaelgmail.com,"Feb 19, 2025",TX
224,Angela,ROWE,xbarry@yahoocom,2024-05-23,tx
225,patricia,ADAMS,douglaslori@yahoocom,,06
226,Ashley,Spence,kevinmartingmail.com,"Dec 21, 2024",Texas
227,CHRISTOPHER,gilbert,amanda28@wellsinfo,2021-02-24,Texas
228,karen,butler,jmills@bentoncom,"Mar 08, 2025",TX
229,Eric,Hernandez,davisbrentrobbins-brown.com,,TX
230,KEVIN,GONZALEZ,ele@jones.info,,06
231,AMBER,Pratt,garcialogan@wright-taylor.org,,TX
232,russell,GARRETT,kevinbryantsandoval.net,"Nov 20, 2021",TX
233,jaime,Smith,marissacoxyahoo.com,2020-05-02,06
234,PAUL,herrera,tlarson@gmail.com,2022-11-16,06
235,eric,CRUZ,andersonsherry@yahoo.com,2021-09-04,TX
236,Sarah,GRANT,edwardsraven@gmailcom,2022-04-01,TX
237,mitchell,hayes,tmontoya@pattersonorg,,tx
238,MARK,THOMAS,helenruiz@bakerbiz,"Apr 11, 2023",TX
239,Craig,Hensley,halljoseph@bailey-williams.org,"Mar 10, 2024",06
240,Tracey,Jordan,yphillips@soto.com,,TX
241,JOHN,Flowers,grantdonald@thompson.com,2021-10-16,tx
242,TARA,TOWNSEND,sbell@cobb-diaz.com,,06
243,christopher,DIXON,qavila@hotmailcom,2020-03-26,tx
244,Cindy,taylor,joshua63conner.com,"Aug 22, 2024",tx
245,ERIC,Hull,xdanielshicks-smith.com,"Jan 04, 2021",06
246,paul,Miller,tinaballgmail.com,"May 12, 2025",TX
247,kristina,Garcia,dmeltonyahoo.com,"Jun 15, 2024",tx
248,David,WILLIS,harristamara@russell-rileycom,"Aug 18, 2021",tx
249,KATIE,allen,susan96@yahoo.com,,TX
250,Charles,Warner,ibrownbailey-garcia.com,,Texas
251,Valerie,BROWN,jennifer48@hotmail.com,,tx
252,Tyler,BRYANT,courtney68gmail.com,2022-03-22,Texas
253,Kimberly,Simmons,morgan87@browncom,2022-09-30,Texas
254,hayley,Vaughn,jessica48@carterbiz,"Oct 18, 2020",Texas
255,Kayla,ROMAN,nicholas97hotmail.com,2022-04-21,tx
256,CATHY,PAUL,christopher29@aguilarcom,"Sep 03, 2023",TX
257,MARK,Klein,rtaylor@lopezcom,,tx
258,JANICE,Tapia,markrandolph@gmail.com,"Jun 07, 2021",Texas
259,Donald,russell,bauercynthia@moody-stephens.com,"Feb 14, 2021",06
260,robert,johnson,uwilliams@montgomery-brady.net,,tx
261,william,White,nhunt@kennedybiz,2020-08-06,TX
262,EMILY,taylor,rloweyahoo.com,2022-08-19,06
263,Hannah,Taylor,vnolanhotmail.com,,TX
264,patricia,MCDANIEL,kennethlopez@lucero-jonescom,"Nov 28, 2020",TX
265,Joseph,mullins,brittany24@thomascom,"Jul 29, 2024",Texas
266,Joshua,roman,rherman@keller-petersoncom,,tx
267,KIMBERLY,SHEPARD,brucesonya@green.com,,TX
268,joshua,robertson,alexandermichealmcdaniel-freeman.biz,"May 26, 2025",06
269,daniel,PEREZ,elizabeth74barnes.biz,"Oct 25, 2024",tx
270,James,Jacobson,clarkamberyahoo.com,2021-12-07,TX
271,CAROLYN,HARPER,walkerjessicacarter-gonzalez.com,,TX
272,KEITH,chan,alan70@jackson.com,,tx
273,MICHAEL,gill,davidgolden@brooks.com,"Apr 14, 2021",06
274,Jamie,Atkins,wgarza@fitzgeraldcom,,tx
275,John,SOSA,dunnrandy@yahoocom,"May 20, 2024",TX
276,tyler,myers,amber77@gardnercom,2023-01-28,06
277,patricia,BROWN,alicia15@gmailcom,,Texas
278,jamie,LEWIS,jacob38@hotmail.com,"Nov 29, 2021",TX
279,MARY,HUNT,tmasonhotmail.com,"Jan 03, 2022",06
280,Jason,JOHNSON,baileykerryyahoo.com,,Texas
281,stephanie,SANCHEZ,george17lee.info,2023-02-25,Texas
282,marie,Jones,dunlaprobinmartin.com,,TX
283,erica,smith,mwilliams@gmailcom,"Jun 25, 2024",06
284,Michael,Hartman,melissajohnson@yahoo.com,"Oct 21, 2022",06
285,david,HAAS,jonesamy@torres-hawkinscom,,tx
286,Wendy,anthony,cindyanderson@scottcom,,tx
287,marcus,frederick,sarah83@hotmailcom,,tx
288,CHRISTINA,Thomas,sandrawilliams@mueller.com,"Jul 22, 2023",Texas
289,Christopher,rangel,grayerica@bennett-kirk.com,"Jan 22, 2023",06
290,CASSANDRA,bright,timothy90@stewart-parkerinfo,,06
291,ROBERT,BELL,peggy63@gmail.com,"Jul 05, 2024",06
292,Michelle,nolan,kboylecoleman.com,"Jan 31, 2021",tx
293,jonathan,Jones,anitastrickland@robinsoncom,2022-03-03,06
294,Hannah,Liu,gvalencia@blake-green.com,2022-07-02,06
295,STEPHANIE,newton,jbushellis.net,"Aug 15, 2020",Texas
296,Robin,Howell,mary16@coffey-cooper.com,"Feb 26, 2024",06
297,joseph,MCMAHON,elliottjeremy@yahoocom,,TX
298,Peter,MOORE,twatts@young-fletcher.com,,TX
299,PETER,hill,robertarcher@watkinscom,"Mar 07, 2022",tx
300,andrea,HAMILTON,morrisjustin@yahoo.com,"Jun 27, 2020",TX
301,REGINA,WALLER,wendy52@patel-gibbs.com,,TX
302,Elizabeth,GARDNER,ldaymathews.com,2022-08-22,tx
303,David,SHORT,benjaminstewartsmith-dean.com,,TX
304,laura,Garcia,rrasmussen@hotmail.com,2024-07-31,Texas
305,sharon,HERNANDEZ,aaronclarke@yahoocom,2021-02-02,TX
306,peter,MURPHY,amanda64@ortega.org,"Jan 27, 2020",TX
307,William,campos,carpenteraudrey@hotmail.com,2023-10-10,06
308,veronica,TODD,jonesjames@gmailcom,2024-07-21,Texas
309,regina,NORTON,tracy79morales-gregory.biz,2020-11-01,TX
310,Carlos,Lopez,wlewis@flynnnet,2021-01-16,tx
311,Billy,King,dberry@gmail.com,,TX
312,MICHAEL,payne,pamela41@ingram-laneorg,"Jul 08, 2021",tx
313,valerie,Hoffman,lauralecohen.com,"Sep 15, 2020",TX
314,Vicki,MEZA,deborahjones@garnercom,2023-08-25,TX
315,Michael,Holloway,melissagarcia@jacobs.com,"Aug 28, 2022",TX
316,Amy,KRAMER,richardevansnguyen.com,,tx
317,Samuel,davis,charles22@hotmail.com,"Dec 23, 2021",tx
318,christopher,VASQUEZ,williamsmelissa@bennett.com,,06
319,zachary,garcia,bcoleman@gmailcom,,TX
320,CHRISTOPHER,shelton,wweeks@pope.com,"Jun 10, 2023",Texas
321,robert,WERNER,christine83@navarro-hogancom,"Jan 29, 2020",06
322,MICHELLE,Rodriguez,eileen00@gmail.com,"Apr 15, 2025",tx
323,Briana,Gomez,hedwardsdavis-porter.com,2023-07-05,TX
324,william,Cunningham,tbowenyahoo.com,"Apr 28, 2022",tx
325,Mary,white,ronald81@coopercom,"Sep 05, 2024",Texas
326,paige,WILLIAMS,lvelasquezgmail.com,,Texas
327,Amanda,lester,turnerkristin@smith-norrisnet,,Texas
328,SAMANTHA,BARNETT,vandersongmail.com,2025-04-21,Texas
329,LUKE,Mitchell,umclean@hotmail.com,"Mar 23, 2025",tx
330,LISA,PERRY,nwelch@buckleyorg,2022-08-11,Texas
331,WILLIAM,pham,julie72@hotmail.com,"Jul 11, 2022",06
332,bethany,saunders,jturner@walkerinfo,"Jun 30, 2025",Texas
333,LORI,Gardner,hannah97@mullins.com,"May 09, 2023",tx
334,James,SALAS,matthew84@cummings-castrocom,,tx
335,Sandra,simon,derrick85@christensen-villacom,,tx
336,christopher,DAVENPORT,saundersgregoryyahoo.com,,Texas
337,Melody,donovan,patrickthomasjohnson.com,"Jun 25, 2020",TX
338,JOSEPH,BOWMAN,brandon51harmon.biz,,TX
339,Karen,jones,catherine67@miller.com,"Sep 06, 2024",tx
340,jennifer,PETTY,srivera@garza-franklincom,2023-02-25,06
341,David,NELSON,carljohnson@moyer.com,2025-06-16,06
342,CARMEN,White,zwoods@gmail.com,2022-02-16,TX
343,Nancy,Carey,coxjoevargas-burgess.biz,2021-07-21,06
344,ANDREW,STEPHENSON,sharon83@gmailcom,"Apr 20, 2022",TX
345,susan,chen,garciaanthony@lopez.com,2025-03-23,TX
346,Jacqueline,Chambers,scott86@huynh.com,,06
347,janet,roberson,lhoffman@hotmailcom,2023-04-09,TX
348,connie,JONES,xdavis@gmail.com,"Dec 10, 2022",Texas
349,Jacob,Brown,paulanderson@wagner-thomascom,,tx
350,Billy,LYONS,larry56@leonardorg,"Jun 22, 2025",06
351,HEATHER,CHRISTENSEN,smithdavid@price-kelley.com,,06
352,ELIZABETH,harris,sarahcollins@yahoo.com,"May 06, 2023",tx
353,leslie,SMITH,qbrown@weber-house.com,,06
354,WENDY,barton,knightangela@yahoocom,,tx
355,Kimberly,Hawkins,garycarrollrodgers.com,"Apr 25, 2025",06
356,Elizabeth,Andrade,lrodriguezyahoo.com,2023-04-09,06
357,TERESA,wallace,edwardskristengmail.com,,tx
358,LORI,Stone,jennifer50casey.com,"Mar 12, 2025",tx
359,Thomas,nicholson,kevincastrohotmail.com,,06
360,michael,Castro,nevans@lloyd-petersoncom,2024-09-05,tx
361,Norma,JAMES,laurajacksonyahoo.com,2020-11-05,06
362,John,Hutchinson,ssanchezgmail.com,2023-11-24,TX
363,monica,stewart,carrie48@farmer-gonzalez.com,"Oct 03, 2024",TX
364,Bradley,TORRES,harmonbrianyahoo.com,"Feb 12, 2022",Texas
365,jason,paul,markreynolds@robinson.com,2022-02-12,tx
366,Debbie,RODRIGUEZ,morganfisher@gmail.com,2024-11-05,06
367,Susan,JOHNSON,williamstammy@benson.net,2022-08-03,Texas
368,Ross,White,huntadam@smith-haysorg,2022-04-18,tx
369,SHAWN,Walker,jlongcoleman-bishop.info,"Jan 16, 2023",06
370,STEPHANIE,Winters,awilliamsgmail.com,,TX
371,Karen,Anderson,stephanieowen@yahoocom,,tx
372,John,LUNA,jenniferholtwarren.info,"Jul 11, 2020",TX
373,Christina,PEREZ,morganaarondavis.com,2020-10-29,TX
374,Mary,gibson,scott37@mccullough-singhcom,,Texas
375,lisa,mccarthy,xclarkhotmail.com,2025-05-17,tx
376,JERRY,andrews,matthewlong@yahoo.com,2022-11-28,TX
377,rhonda,woodard,sbarnes@contreras-stevensorg,"Apr 29, 2025",TX
378,CHARLENE,davis,mcdowelleric@yahoocom,,tx
379,Stephen,johnson,austin17olsen-miller.info,"Dec 27, 2021",06
380,dustin,Perry,zhughes@gmailcom,2020-06-22,06
381,TONYA,OWENS,adamsannettegordon.info,"Feb 19, 2023",TX
382,jeffrey,CAMPBELL,willie49@smithnet,2021-06-06,06
383,Julia,ARROYO,christopherellis@hotmailcom,"Jun 29, 2023",tx
384,sean,sharp,gabriel75@trevinocom,,Texas
385,matthew,Morales,martineztimothy@lester-campbell.biz,"Sep 22, 2021",tx
386,JENNIFER,johnson,balltracy@gmailcom,,TX
387,jonathan,perry,kristen61@daviscom,2021-11-21,Texas
388,GEORGE,Erickson,luis80@hotmail.com,2020-01-30,Texas
389,FRANK,REYES,gharrishotmail.com,"Oct 11, 2020",Texas
390,JAMES,BUTLER,hilljason@yahoocom,,TX
391,victoria,sullivan,sandersrichardrice.com,"Oct 17, 2020",tx
392,Ryan,WILLIAMS,dale21@jonescom,"Jun 10, 2023",TX
393,JEFFREY,Conley,alexa32hanson.com,"Sep 14, 2024",Texas
394,ALEXIS,Howell,mharper@browncom,2022-10-14,TX
395,RACHEL,wright,leslieyounggmail.com,2022-07-25,TX
396,lauren,pena,anna12@gmailcom,"Jun 30, 2023",Texas
397,Ellen,COOPER,udavies@gmail.com,"Jun 22, 2024",TX
398,Shawn,brooks,ashley24@hotmailcom,"Apr 15, 2022",Texas
399,BRITTNEY,bailey,udean@salazarinfo,,Texas
400,Anthony,Conner,adam14@kennedy-matthewscom,2023-01-31,06
401,ashlee,Miller,alison45@leecom,,Texas
402,SANDRA,PATEL,kristaware@yahoo.com,,tx
403,KELLY,PHAM,andersonkylegmail.com,"Dec 06, 2022",TX
404,Adrian,Mason,gerald41@hotmail.com,2023-05-19,tx
405,Tracy,MARQUEZ,bautistasherridavis.biz,,Texas
406,CONNIE,LAMB,hgarciaadams-soto.info,2020-05-03,Texas
407,david,Buck,andrea48hotmail.com,,tx
408,michael,flores,michellethomas@millerbiz,2023-05-10,TX
409,THOMAS,Kelly,richard55yahoo.com,"Aug 05, 2024",Texas
410,christy,beard,austintonya@lewiscom,2020-06-05,06
411,LINDA,nguyen,elizabeth83@gmail.com,,tx
412,sonya,LANE,sanchezheatherhotmail.com,"Jun 15, 2020",Texas
413,Joshua,HORTON,candace14@hensonbiz,,tx
414,AUSTIN,Allen,wrightsarah@gmail.com,,Texas
415,EDWIN,freeman,catherineanderson@taylor-cookcom,2020-05-28,06
416,Leah,Wade,kimberlytorres@fisher.com,,tx
417,Douglas,Prince,john55norton.net,2020-03-18,Texas
418,Whitney,HARRISON,leeheathersutton.com,,TX
419,Sandra,taylor,diana42@rodriguezcom,2020-01-28,TX
420,JOHN,CARTER,michelle49@davis-monroe.com,,06
421,Jasmine,stone,scott88davis.net,2022-04-12,Texas
422,matthew,OLIVER,qkeller@gmail.com,2021-05-11,06
423,ricardo,Durham,obishop@yahoocom,,Texas
424,CHRISTOPHER,stephens,rmoore@clark.com,2021-06-17,tx
425,ELIZABETH,ANDERSON,uharrington@yahoocom,"Mar 11, 2020",tx
426,Taylor,Landry,jonathanmejiayahoo.com,2022-05-10,Texas
427,nicole,wagner,alexander37@gmailcom,2020-12-04,TX
428,SEAN,allen,imclaughlin@ellis-knoxnet,,tx
429,JESSICA,KANE,lsanders@johnson.net,"Oct 20, 2020",Texas
430,Kristen,rodriguez,matthewreyeshotmail.com,,tx
431,JEFFREY,Shelton,shelly17gmail.com,2022-01-10,TX
432,paige,fitzgerald,rodriguezvirginiayahoo.com,"May 01, 2025",tx
433,john,Carter,elopez@branch.com,2022-03-07,Texas
434,SUE,GARCIA,cgarcia@hotmail.com,,06
435,tyler,WAGNER,allenboyd@hotmailcom,2020-07-26,06
436,NICOLE,Perry,ayalanicholeyahoo.com,2022-06-03,TX
437,carol,Carpenter,jameschang@cooper.net,,Texas
438,caitlin,Jones,davisjames@portercom,"Sep 17, 2024",TX
439,nathaniel,THOMPSON,scottanderson@raycom,,06
440,Travis,AGUIRRE,christinawongyahoo.com,2022-01-09,tx
441,christine,zamora,vanessafarmer@webb.com,,06
442,stephen,norton,yrobertsonguerrero-yates.biz,"Apr 29, 2024",TX
443,Alexis,Rodriguez,joelcrawford@hanna.com,2023-07-11,tx
444,John,BEASLEY,ethan26@hotmailcom,,TX
445,Kayla,Atkinson,hcox@jonescom,2025-02-25,06
446,STEVEN,Bauer,travis69@young-odom.com,2021-12-18,TX
447,cory,BROWN,mason98@douglascom,2021-08-17,tx
448,Sarah,MORRIS,melissalucas@hotmail.com,,06
449,morgan,rios,terriblackhotmail.com,,TX
450,daniel,GARZA,williamsjeremy@arroyoorg,,Texas
451,lacey,garrison,fharris@dixon-greenorg,"Dec 02, 2020",06
452,Lauren,Ellis,hsimpson@smith.com,2022-07-19,Texas
453,diana,Blake,johnsonblakegmail.com,"Dec 18, 2023",TX
454,caleb,KIM,kortegajuarez.com,,Texas
455,Donald,campbell,triciacarpenter@miller.com,"Feb 29, 2020",TX
456,linda,Gray,nicholas03@johnsonnet,2020-11-07,Texas
457,Yolanda,campos,thomasgranthotmail.com,"Feb 13, 2020",Texas
458,CAROL,mcmillan,robert70@hotmailcom,"May 08, 2020",06
459,DEBRA,Lee,whitekarenharris.info,2020-08-16,06
460,lynn,Clark,jennifer72@scott-herringinfo,,tx
461,laura,Williams,xshaw@cox.com,"Dec 12, 2021",06
462,michele,BROWN,anthonymcdonald@bridgesorg,"Dec 27, 2023",tx
463,alexandra,rodgers,reginald17@hardin-garciacom,,tx
464,BRETT,taylor,abigail32yahoo.com,"Jan 03, 2023",tx
465,MATTHEW,morton,kristinbenjamin@hotmail.com,2024-10-14,Texas
466,richard,DAVIS,timothy08mckee-chavez.net,,TX
467,JOSEPH,Hubbard,adavid@lynchcom,,Texas
468,SHAWNA,young,zmathews@gmailcom,2022-03-22,tx
469,mark,Hampton,csparks@deleon.com,,TX
470,richard,LEON,phawkinsdougherty-jones.org,,tx
471,kyle,warren,brittanygrant@coleman.net,,06
472,AMANDA,VILLA,stephen38@gmail.com,,Texas
473,SHANE,cowan,mooreheather@allenbiz,"May 30, 2025",Texas
474,LAURIE,ESPINOZA,simpsonpatrickphelps-sullivan.com,2022-04-26,06
475,KIMBERLY,WALKER,dnolan@smith-williams.net,,06
476,amanda,collins,robert22smith-romero.com,,tx
477,KEVIN,Kelly,robertclarkyahoo.com,2023-06-06,tx
478,hannah,CERVANTES,aprilgoodwinyahoo.com,"Jun 02, 2024",06
479,Brandy,MCCANN,msalinasrodriguez.org,2020-06-07,06
480,KERRY,RHODES,steven30gmail.com,"Jul 24, 2024",06
481,Carolyn,RITTER,pamelaalexander@yahoo.com,,06
482,Grace,blackwell,kennethharrison@hotmail.com,,06
483,ETHAN,hunter,cperezgmail.com,,tx
484,JOSHUA,Mitchell,flynnwilliam@shawnet,,TX
485,brenda,Pennington,isabella22hotmail.com,2021-07-23,06
486,ASHLEE,WARREN,christinabyrd@hamilton-roman.com,,06
487,thomas,King,bmiller@kelly-munoz.com,,06
488,RUSSELL,Alvarez,wmann@sanderscom,"Sep 03, 2024",TX
489,tina,Hoover,osmall@myers-fergusonorg,,Texas
490,FRANK,Norman,katrinajohnson@daniels-myersinfo,2022-07-23,TX
491,RYAN,DAVIS,lanceprestonyahoo.com,,06
492,MICHAEL,barton,joshua20@munoz-potts.com,2025-02-13,Texas
493,peggy,cunningham,dbrowngmail.com,2022-11-29,tx
494,ROBERTA,Daniel,kellicastillo@french.com,"Nov 01, 2020",tx
495,Kelsey,Jackson,jandersonhotmail.com,,tx
496,tammy,Lopez,danielschwartz@yahoocom,2024-06-03,Texas
497,Kara,rivera,jonespatricia@quinn-malone.biz,2023-06-26,TX
498,AMBER,burton,vshaw@mckaycom,2020-04-20,tx
499,tracy,gonzales,xrodgers@hotmail.com,2023-09-26,tx
500,Jessica,Harris,ialexander@hotmailcom,,06
